{
    "accuracy": 0.7787951807228916,
    "precision": 0.7704280155642024,
    "recall": 0.780295566502463,
    "auc": 0.8659011060507482
}