{
    "accuracy": 0.766859344894027,
    "precision": 0.7523629489603024,
    "recall": 0.7819253438113949,
    "auc": 0.8525668403519262
}